"GS","VARIABLE","TYPE","TEST.AV.SUIT","TEST.SD.SUIT","TEST.MAX.SUIT","TEST.MIN.SUIT","TEST.OMISSION.RATE","TEST.ERROR","TEST.ERR.DIST","TEST.MXE","TEST.SLOPE","TRAIN.AV.SUIT","TRAIN.SD.SUIT","TRAIN.MAX.SUIT","TRAIN.MIN.SUIT","TRAIN.OMISSION.RATE","TRAIN.ERROR","TRAIN.ERR.DIST","TRAIN.MXE","TRAIN.SLOPE"
"1","tmean","_psuitability",97.479843953186,11.5011286573225,100,0,0.00520156046814044,0.117666960758304,0.666666666666667,0.426803787422851,0.00383692592812702,97.536274509804,10.9999401693730,100,0,0.00392156862745098,0.112707180324645,0.7,0.426132249620094,0.00393065984132483
"1","tmean","_tsuitability",82.4395318595579,36.9257320197884,100,0,0.159947984395319,0.408669381283893,0.566666666666667,0.77144843047953,0.00138649826463748,83.1653594771242,36.2261535823031,100,0,0.150653594771242,0.399413377031408,0.6,0.758852539089001,0.00148867704253210
"1","tmean","_suitability",80.5734720416125,37.3437037801257,100,0,0.163849154746424,0.420728979109068,0.666666666666667,0.868704447747955,0.00227540912385746,81.1362745098039,36.6192525133339,100,0,0.153267973856209,0.411870315588226,0.7,0.866856554211608,0.00251412331296301
"1","tmin","_psuitability",97.479843953186,11.5011286573225,100,0,0.00520156046814044,0.117666960758304,0.666666666666667,0.426803787422851,0.00383692592812702,97.536274509804,10.9999401693730,100,0,0.00392156862745098,0.112707180324645,0.7,0.426132249620094,0.00393065984132483
"1","tmin","_tsuitability",22.0585175552666,38.0081263019765,100,0,0.70481144343303,0.867041739718178,0.2,0.875329661786487,0.00272626318771849,22.7954248366013,38.3897356062467,100,0,0.695424836601307,0.862196996127172,0.2,0.886811849487099,0.00287253583279448
"1","tmin","_suitability",20.7685305591678,36.2062019613787,100,0,0.70481144343303,0.87102297002105,0.466666666666667,0.875329661786487,0.00350521539042810,21.5101307189542,36.7356133915655,100,0,0.695424836601307,0.866586629034233,0.633333333333333,0.886811849487099,0.00348106209302954
"1","tmax","_psuitability",97.479843953186,11.5011286573225,100,0,0.00520156046814044,0.117666960758304,0.666666666666667,0.426803787422851,0.00383692592812702,97.536274509804,10.9999401693730,100,0,0.00392156862745098,0.112707180324645,0.7,0.426132249620094,0.00393065984132483
"1","tmax","_tsuitability",54.8790637191157,42.2681752222903,100,0,0.357607282184655,0.618075582131804,0.633333333333333,0.999998780190571,0.00432688390299569,52.5166666666667,43.0333584694158,100,0,0.387581699346405,0.640775444235062,0.633333333333333,0.999988906584093,0.00409158696077626
"1","tmax","_suitability",54.0988296488947,42.3088915396751,100,0,0.362808842652796,0.624069867049907,0.633333333333333,0.999989021690386,0.0043620510371149,51.8101307189542,43.006239943285,100,0,0.391503267973856,0.645847950498721,0.633333333333333,0.99996271357088,0.00415960078218384
"2","tmean","_psuitability",99.6918075422627,5.15993660979265,100,0,0.00260078023407022,0.0516578218585313,0.08,0.0565858671637136,0.000308142774704144,99.7199346405229,4.7858686498771,100,0,0.00196078431372549,0.0479327551848195,0.2,0.049614073383553,0.000294465127354395
"2","tmean","_tsuitability",84.7321196358908,34.6642154703257,100,0,0.133940182054616,0.378570131684185,0.566666666666667,0.730172925408005,0.00163663592315146,85.5921568627451,33.6922159760940,100,0,0.125490196078431,0.36638509687989,0.633333333333333,0.721928094887362,0.00178776848799749
"2","tmean","_suitability",84.6840052015605,34.6527456009978,100,0,0.133940182054616,0.378659602979349,0.566666666666667,0.737762763661522,0.00171330095601526,85.4839869281046,33.7919534040412,100,0,0.126143790849673,0.367727831649897,0.633333333333333,0.727126138086996,0.00182181084599746
"2","tmin","_psuitability",99.6918075422627,5.15993660979265,100,0,0.00260078023407022,0.0516578218585313,0.08,0.0565858671637136,0.000308142774704144,99.7199346405229,4.7858686498771,100,0,0.00196078431372549,0.0479327551848195,0.2,0.049614073383553,0.000294465127354395
"2","tmin","_tsuitability",29.5097529258778,43.5563000258755,100,0,0.652795838751626,0.828466002184177,0.166666666666667,0.931546318724031,0.00152507304636844,30.3807189542484,43.802662555482,100,0,0.636928104575163,0.822489545397132,0.166666666666667,0.945203584958802,0.00140551801417600
"2","tmin","_suitability",29.5097529258778,43.5563000258755,100,0,0.652795838751626,0.828466002184177,0.166666666666667,0.931546318724031,0.00152507304636844,30.3761437908497,43.7961191410067,100,0,0.636928104575163,0.822493439193493,0.2,0.945203584958802,0.00141083750633343
"2","tmax","_psuitability",99.6918075422627,5.15993660979265,100,0,0.00260078023407022,0.0516578218585313,0.08,0.0565858671637136,0.000308142774704144,99.7199346405229,4.7858686498771,100,0,0.00196078431372549,0.0479327551848195,0.2,0.049614073383553,0.000294465127354395
"2","tmax","_tsuitability",57.6736020806242,42.0440783416245,100,0,0.331599479843953,0.596400015001147,0.666666666666667,0.999998780190571,0.0041196565283777,55.3549019607843,42.5204624565129,100,0,0.355228758169935,0.616488739567133,0.666666666666667,1,0.00403261826858863
"2","tmax","_suitability",57.370611183355,42.0626296402897,100,0,0.334200260078023,0.598684296491949,0.666666666666667,0.999940228529367,0.00418732001532461,55.0800653594771,42.501702306107,100,0,0.35718954248366,0.618353046564888,0.666666666666667,0.99996271357088,0.00413390097132317
"3","tmean","_psuitability",96.1235370611183,13.0495482031464,100,0,0.00260078023407022,0.136050074924147,0.566666666666667,0.532046201017999,0.00511077240959591,94.9490196078431,15.2656336518990,100,0,0.00359477124183007,0.160771831174949,0.7,0.597435957134775,0.00568757580374761
"3","tmean","_tsuitability",86.9141742522757,32.2239141816003,100,0,0.114434330299090,0.347601665812209,0.633333333333333,0.717221916598217,0.00206135243458889,87.8728758169935,31.0152371030323,100,0,0.10359477124183,0.332971126738986,0.633333333333333,0.699827850047697,0.00221757161876982
"3","tmean","_suitability",83.7451235370611,33.0083647111257,100,0,0.115734720416125,0.367743974375117,0.666666666666667,0.87695657433391,0.00363617870052644,83.295751633987,32.6484406209918,100,0,0.105882352941176,0.366688457463009,0.7,0.894451884534128,0.00411194256071177
"3","tmin","_psuitability",96.1235370611183,13.0495482031464,100,0,0.00260078023407022,0.136050074924147,0.566666666666667,0.532046201017999,0.00511077240959591,94.9490196078431,15.2656336518990,100,0,0.00359477124183007,0.160771831174949,0.7,0.597435957134775,0.00568757580374761
"3","tmin","_tsuitability",38.778933680104,46.2228582905577,100,0,0.539661898569571,0.766928499794563,0.2,0.995456318369355,0.000878720307668864,40.3748366013072,46.64637845767,100,0,0.526470588235294,0.756989673650224,0.233333333333333,0.997977284647245,0.00072139484421236
"3","tmin","_suitability",37.6059817945384,45.1960949134053,100,0,0.539661898569571,0.770262566483922,0.4,0.995456318369355,0.0013491583266036,38.6039215686274,45.2141175729262,100,0,0.526470588235294,0.76243863998263,0.666666666666667,0.997977284647245,0.00135471968708428
"3","tmax","_psuitability",96.1235370611183,13.0495482031464,100,0,0.00260078023407022,0.136050074924147,0.566666666666667,0.532046201017999,0.00511077240959591,94.9490196078431,15.2656336518990,100,0,0.00359477124183007,0.160771831174949,0.7,0.597435957134775,0.00568757580374761
"3","tmax","_tsuitability",63.4876462938882,43.9898208609075,100,0,0.314694408322497,0.571466527626649,0.633333333333333,0.99979384244461,0.00102298596144177,61.6771241830065,44.270081809395,100,0,0.329084967320261,0.58547779493847,0.633333333333333,0.999969184815397,0.000868489185588118
"3","tmax","_suitability",60.9349804941482,43.3713487449866,100,0,0.317295188556567,0.583498372838632,0.7,0.999969504558,0.00130900058215967,58.6274509803922,43.5109651051289,100,0,0.332679738562091,0.600355994607731,0.7,0.99991094291806,0.00160615747602582
"4","tmean","_psuitability",99.9674902470741,0.901523057468274,100,75,0,0.00901523057468274,0,NA,NA,99.9607843137255,1.14996682835838,100,60,0,0.0115044748327106,0.0666666666666667,NA,NA
"4","tmean","_tsuitability",87.6853055916775,31.3459328326240,100,0,0.0975292587776333,0.336591961051469,0.533333333333333,0.676020765577534,0.00217077299999978,89.1598039215686,29.5128080189473,100,0,0.0895424836601307,0.31436142348444,0.633333333333333,0.659793711708326,0.00227124112118212
"4","tmean","_suitability",87.6853055916775,31.3459328326240,100,0,0.0975292587776333,0.336591961051469,0.533333333333333,0.676020765577534,0.00217077299999978,89.1598039215686,29.5128080189473,100,0,0.0895424836601307,0.31436142348444,0.633333333333333,0.659793711708326,0.00227124112118212
"4","tmin","_psuitability",99.9674902470741,0.901523057468274,100,75,0,0.00901523057468274,0,NA,NA,99.9607843137255,1.14996682835838,100,60,0,0.0115044748327106,0.0666666666666667,NA,NA
"4","tmin","_tsuitability",38.815344603381,45.9269939649138,100,0,0.530559167750325,0.764859982766762,0.2,0.997303761654104,0.000911392109553387,40.271568627451,46.132600666129,100,0,0.513071895424837,0.754652692484768,0.233333333333333,0.999506904376157,0.00081044239044425
"4","tmin","_suitability",38.815344603381,45.9269939649138,100,0,0.530559167750325,0.764859982766762,0.2,0.997303761654104,0.000911392109553387,40.271568627451,46.132600666129,100,0,0.513071895424837,0.754652692484768,0.233333333333333,0.999506904376157,0.00081044239044425
"4","tmax","_psuitability",99.9674902470741,0.901523057468274,100,75,0,0.00901523057468274,0,NA,NA,99.9607843137255,1.14996682835838,100,60,0,0.0115044748327106,0.0666666666666667,NA,NA
"4","tmax","_tsuitability",67.2691807542263,44.5378654382033,100,0,0.299089726918075,0.552480633556631,0.633333333333333,0.998505217549098,0.00119525128388460,65.814705882353,44.7167904655234,100,0,0.308823529411765,0.562811888842287,0.633333333333333,0.999988906584093,0.0010927086081251
"4","tmax","_suitability",67.2366710013004,44.5230646845356,100,0,0.299089726918075,0.552554182716457,0.633333333333333,0.998671219902784,0.00119692807533597,65.7754901960784,44.7015849518759,100,0,0.308823529411765,0.562929458425653,0.633333333333333,0.99999876740104,0.00109280821233669
"5","tmean","_psuitability",99.9674902470741,0.901523057468274,100,75,0,0.00901523057468274,0,NA,NA,99.9607843137255,1.14996682835838,100,60,0,0.0115044748327106,0.0666666666666667,NA,NA
"5","tmean","_tsuitability",88.3224967490247,30.5255191398628,100,0,0.0910273081924577,0.326643488823269,0.566666666666667,0.664413099428006,0.00226791439520129,89.8794117647059,28.5725935694067,100,0,0.0833333333333333,0.303076329392298,0.633333333333333,0.640836441447595,0.00229312718327233
"5","tmean","_suitability",88.3224967490247,30.5255191398628,100,0,0.0910273081924577,0.326643488823269,0.566666666666667,0.664413099428006,0.00226791439520129,89.8794117647059,28.5725935694067,100,0,0.0833333333333333,0.303076329392298,0.633333333333333,0.640836441447595,0.00229312718327233
"5","tmin","_psuitability",99.9674902470741,0.901523057468274,100,75,0,0.00901523057468274,0,NA,NA,99.9607843137255,1.14996682835838,100,60,0,0.0115044748327106,0.0666666666666667,NA,NA
"5","tmin","_tsuitability",37.7360208062419,45.8212021666779,100,0,0.538361508452536,0.772894261630851,0.2,0.99574966895806,0.00101186101509855,39.1388888888889,46.0457792449784,100,0,0.52483660130719,0.763124875209424,0.2,0.998219394935603,0.000888557334922785
"5","tmin","_suitability",37.7360208062419,45.8212021666779,100,0,0.538361508452536,0.772894261630851,0.2,0.99574966895806,0.00101186101509855,39.1388888888889,46.0457792449784,100,0,0.52483660130719,0.763124875209424,0.2,0.998219394935603,0.000888557334922785
"5","tmax","_psuitability",99.9674902470741,0.901523057468274,100,75,0,0.00901523057468274,0,NA,NA,99.9607843137255,1.14996682835838,100,60,0,0.0115044748327106,0.0666666666666667,NA,NA
"5","tmax","_tsuitability",68.3224967490247,44.9841989157466,100,0,0.299089726918075,0.549946444963233,0.6,0.988963049089389,0.00109886574388754,66.9748366013072,45.2235125542795,100,0,0.308823529411765,0.55992491910316,0.6,0.994624119799892,0.00103851884262812
"5","tmax","_suitability",68.2899869960988,44.9703075202224,100,0,0.299089726918075,0.550020332996893,0.6,0.98942400261621,0.00110352184011805,66.9356209150327,45.2094841356233,100,0,0.308823529411765,0.560043094747053,0.6,0.994945370199998,0.00104176379616455
"6","tmean","_psuitability",98.107932379714,9.23647953404984,100,0,0.00260078023407022,0.0942239536743912,0.533333333333333,0.347056311961058,0.00324218767164701,97.3539215686275,11.3184708013870,100,0,0.00294117647058824,0.116218607399514,0.7,0.412685307404339,0.00387590737474382
"6","tmean","_tsuitability",86.3758127438231,32.8250251911285,100,0,0.115734720416125,0.355204111727745,0.433333333333333,0.698442125254143,0.00183300244719547,88.331045751634,30.4092261739761,100,0,0.096078431372549,0.325665984304983,0.566666666666667,0.6715680146944,0.00217301233106945
"6","tmean","_suitability",85.2483745123537,33.1720098907632,100,0,0.115734720416125,0.362844562937156,0.6,0.773748107433462,0.00259366893385525,86.245751633987,31.4024962141074,100,0,0.0980392156862745,0.342778916535010,0.7,0.790445397819927,0.00331006403274498
"6","tmin","_psuitability",98.107932379714,9.23647953404984,100,0,0.00260078023407022,0.0942239536743912,0.533333333333333,0.347056311961058,0.00324218767164701,97.3539215686275,11.3184708013870,100,0,0.00294117647058824,0.116218607399514,0.7,0.412685307404339,0.00387590737474382
"6","tmin","_tsuitability",30.2704811443433,44.2041272924834,100,0,0.65149544863459,0.825449556357642,0.2,0.932725397281095,0.00119050792455201,31.2104575163399,44.3817375589817,100,0,0.634640522875817,0.818602228095635,0.133333333333333,0.947042219500681,0.00120317789604426
"6","tmin","_suitability",30.0065019505852,43.9137555490258,100,0,0.65149544863459,0.826135582092915,0.333333333333333,0.932725397281095,0.00133786167445754,30.6699346405229,43.8376102068260,100,0,0.634640522875817,0.820229602798625,0.5,0.947042219500681,0.00141877896187846
"6","tmax","_psuitability",98.107932379714,9.23647953404984,100,0,0.00260078023407022,0.0942239536743912,0.533333333333333,0.347056311961058,0.00324218767164701,97.3539215686275,11.3184708013870,100,0,0.00294117647058824,0.116218607399514,0.7,0.412685307404339,0.00387590737474382
"6","tmax","_tsuitability",69.3394018205462,45.4396981375230,100,0,0.299089726918075,0.54791910406864,0.551724137931034,0.946041380918611,0.000665313540142306,68.052614379085,45.6899829685839,100,0,0.308823529411765,0.557452040787167,0.6,0.96861035048652,0.000775753496028406
"6","tmax","_suitability",67.890767230169,45.2881518556359,100,0,0.301690507152146,0.554919129758717,0.6,0.972005588928193,0.000895535683110677,66.2277777777778,45.4967864859219,100,0,0.311764705882353,0.566554862096078,0.7,0.99209692734206,0.00097875667188643
"7","tmean","_psuitability",98.5461638491548,8.08359733111813,100,0,0.00260078023407022,0.082081186616416,0.566666666666667,0.305692412856166,0.00282437050897134,97.9261437908497,9.93495202906326,100,0,0.00228758169934641,0.101475068575900,0.7,0.362008936948031,0.00342066519599206
"7","tmean","_tsuitability",75.2795838751625,39.8275725240686,100,0,0.183355006501951,0.468537275094998,0.3,0.938459983770656,0.00253634526761978,76.9986928104575,38.6240121776001,100,0,0.16078431372549,0.449487144210441,0.466666666666667,0.913988755442174,0.00280612293594503
"7","tmean","_suitability",74.7997399219766,39.8325459728884,100,0,0.183355006501951,0.471128600965378,0.433333333333333,0.95407389237174,0.00269406151611558,76.0803921568627,38.7450498732347,100,0,0.16078431372549,0.455284081394509,0.7,0.940325540847576,0.00307215107135314
"7","tmin","_psuitability",98.5461638491548,8.08359733111813,100,0,0.00260078023407022,0.082081186616416,0.566666666666667,0.305692412856166,0.00282437050897134,97.9261437908497,9.93495202906326,100,0,0.00228758169934641,0.101475068575900,0.7,0.362008936948031,0.00342066519599206
"7","tmin","_tsuitability",24.7581274382315,40.3346840075505,100,0,0.694408322496749,0.85358716796587,0.166666666666667,0.888019098801971,0.00205523120063364,25.7202614379085,41.002119017275,100,0,0.683333333333333,0.84841640257415,0.166666666666667,0.90071967986236,0.00203614518714239
"7","tmin","_suitability",24.6475942782835,40.1932748904404,100,0,0.694408322496749,0.853895989865541,0.266666666666667,0.888019098801971,0.00219968134854813,25.4245098039216,40.6851165174218,100,0,0.683333333333333,0.849484638075814,0.533333333333333,0.90071967986236,0.00219130481460858
"7","tmax","_psuitability",98.5461638491548,8.08359733111813,100,0,0.00260078023407022,0.082081186616416,0.566666666666667,0.305692412856166,0.00282437050897134,97.9261437908497,9.93495202906326,100,0,0.00228758169934641,0.101475068575900,0.7,0.362008936948031,0.00342066519599206
"7","tmax","_tsuitability",68.4590377113134,45.2226402048092,100,0,0.300390117035111,0.551113425532658,0.6,0.979604866813932,0.000988258728505368,66.4928104575163,45.6071705455942,100,0,0.315032679738562,0.565868006965573,0.6,0.989881029093544,0.000919023936685744
"7","tmax","_suitability",67.2782834850455,45.0590244749381,100,0,0.302990897269181,0.55663149532386,0.666666666666667,0.993489839110968,0.00109670261947831,65.0320261437908,45.3944279624913,100,0,0.317320261437908,0.572951993563252,0.7,0.999260006156453,0.0009880455056418
"8","tmean","_psuitability",99.4707412223667,5.74451637042513,100,0,0.00260078023407022,0.0576512541071748,0.233333333333333,0.115993606001030,0.000908220944778043,99.3016339869281,6.25231155240245,100,0,0.00196078431372549,0.062901780475024,0.633333333333333,0.166062891174324,0.00147071581210966
"8","tmean","_tsuitability",69.7607282184655,40.9194453506196,100,0,0.195058517555267,0.508589932180863,0.233333333333333,0.988011406334357,0.00278865710441854,71.2725490196078,40.6614431194983,100,0,0.186928104575163,0.497803082048245,0.333333333333333,0.982027604708835,0.00289925986048845
"8","tmean","_suitability",69.6163849154746,40.8942333946362,100,0,0.195058517555267,0.509247258049515,0.3,0.98942400261621,0.00280292575373018,71.1016339869281,40.642942455467,100,0,0.186928104575163,0.498640603020244,0.633333333333333,0.98544049715585,0.00293373352156941
"8","tmin","_psuitability",99.4707412223667,5.74451637042513,100,0,0.00260078023407022,0.0576512541071748,0.233333333333333,0.115993606001030,0.000908220944778043,99.3016339869281,6.25231155240245,100,0,0.00196078431372549,0.062901780475024,0.633333333333333,0.166062891174324,0.00147071581210966
"8","tmin","_tsuitability",17.6827048114434,34.6540675968609,100,0,0.733420026007802,0.893055420674058,0.2,0.836514192186097,0.00326632491527455,18.4686274509804,35.0096049410525,100,0,0.729084967320261,0.887278795041738,0.2,0.842774588386336,0.00332146913264509
"8","tmin","_suitability",17.6827048114434,34.6540675968609,100,0,0.733420026007802,0.893055420674058,0.2,0.836514192186097,0.00326632491527455,18.4372549019608,34.9647136977983,100,0,0.729084967320261,0.887390166268222,0.233333333333333,0.842774588386336,0.00333120881964219
"8","tmax","_psuitability",99.4707412223667,5.74451637042513,100,0,0.00260078023407022,0.0576512541071748,0.233333333333333,0.115993606001030,0.000908220944778043,99.3016339869281,6.25231155240245,100,0,0.00196078431372549,0.062901780475024,0.633333333333333,0.166062891174324,0.00147071581210966
"8","tmax","_tsuitability",66.4330299089727,45.8049078668204,100,0,0.318595578673602,0.567635686934784,0.6,0.992755618089206,0.00090816121197946,64.236274509804,46.2289884895476,100,0,0.336601307189543,0.584419800544073,0.6,0.99899859005804,0.000782519118712324
"8","tmax","_suitability",65.9037711313394,45.7767578721002,100,0,0.321196358907672,0.570555816885653,0.6,0.996570838477073,0.000918112388608052,63.6287581699346,46.1550688329447,100,0,0.338562091503268,0.587576500373228,0.633333333333333,0.99999876740104,0.000773360535013189
"9","tmean","_psuitability",99.219765929779,7.51178410672013,100,0,0.00260078023407022,0.0754733652930661,0.275862068965517,0.153110679037458,0.00128314087443894,99.3934640522876,5.88003279265589,100,0,0.00196078431372549,0.0591027685891445,0.5,0.167796511873040,0.00148822713229870
"9","tmean","_tsuitability",77.6384915474642,39.0535073090532,100,0,0.174252275682705,0.449803309130859,0.366666666666667,0.886473451327406,0.00221346567105743,78.2228758169935,38.4007617418113,100,0,0.164379084967320,0.441404546709942,0.466666666666667,0.880490481946594,0.00238188827793230
"9","tmean","_suitability",77.150845253576,39.1579417689629,100,0,0.174252275682705,0.45314835653449,0.466666666666667,0.905677712004876,0.00240744810214297,77.857843137255,38.4057038922119,100,0,0.165032679738562,0.443259650371042,0.633333333333333,0.90324061429577,0.00259622319169083
"9","tmin","_psuitability",99.219765929779,7.51178410672013,100,0,0.00260078023407022,0.0754733652930661,0.275862068965517,0.153110679037458,0.00128314087443894,99.3934640522876,5.88003279265589,100,0,0.00196078431372549,0.0591027685891445,0.5,0.167796511873040,0.00148822713229870
"9","tmin","_tsuitability",16.5617685305592,34.3090525741370,100,0,0.764629388816645,0.902081972752848,0.166666666666667,0.78725663539246,0.00276877383655095,17.3398692810458,34.5799646831132,100,0,0.749673202614379,0.895995557587026,0.166666666666667,0.811795675313733,0.00300855081878041
"9","tmin","_suitability",16.4473342002601,34.1093927419237,100,0,0.764629388816645,0.902384934255261,0.233333333333333,0.78725663539246,0.00292585071801733,17.2434640522876,34.4317225426546,100,0,0.749673202614379,0.896314695115359,0.3,0.811795675313733,0.00307705262022643
"9","tmax","_psuitability",99.219765929779,7.51178410672013,100,0,0.00260078023407022,0.0754733652930661,0.275862068965517,0.153110679037458,0.00128314087443894,99.3934640522876,5.88003279265589,100,0,0.00196078431372549,0.0591027685891445,0.5,0.167796511873040,0.00148822713229870
"9","tmax","_tsuitability",65.4317295188557,46.3711064431298,100,0,0.328998699609883,0.578139138494392,0.433333333333333,0.978964417560448,0.000657215567343127,62.824183006536,46.9268013472791,100,0,0.351307189542484,0.598618944340117,0.5,0.991594287996017,0.00056933551946174
"9","tmax","_suitability",64.7997399219766,46.4886741352013,100,0,0.331599479843953,0.582876035999082,0.5,0.982656673875887,0.00066772182097404,62.4062091503268,46.940330209796,100,0,0.353267973856209,0.601329165021856,0.566666666666667,0.99360074162856,0.000572201240531886
"10","tmean","_psuitability",98.6189856957087,7.98610143670535,100,0,0.00260078023407022,0.0809951113488877,0.533333333333333,0.347056311961058,0.00324218767164701,98.7088235294118,6.87790027421084,100,10,0,0.0699694144197903,0.666666666666667,NA,NA
"10","tmean","_tsuitability",67.1690507152146,39.8561871668364,100,0,0.183355006501951,0.516170630349975,0.266666666666667,0.999940228529367,0.00315735784094010,68.3006535947712,39.687078546561,100,0,0.174509803921569,0.507877745054426,0.266666666666667,0.99999876740104,0.0033543507237765
"10","tmean","_suitability",66.0221066319896,39.6473160114337,100,0,0.185955786736021,0.521954290033395,0.6,0.999989021690386,0.00310156388430982,67.1718954248366,39.3381896145035,100,0,0.174509803921569,0.512315517569479,0.633333333333333,0.999980278332405,0.00335416396550744
"10","tmin","_psuitability",98.6189856957087,7.98610143670535,100,0,0.00260078023407022,0.0809951113488877,0.533333333333333,0.347056311961058,0.00324218767164701,98.7088235294118,6.87790027421084,100,10,0,0.0699694144197903,0.666666666666667,NA,NA
"10","tmin","_tsuitability",12.0195058517555,29.3657943778642,100,0,0.811443433029909,0.927458669631786,0.266666666666667,0.698442125254143,0.00325328337979942,12.0542483660131,28.9741630279135,100,0,0.80392156862745,0.925941845179056,0.266666666666667,0.714015280437867,0.00365556988924815
"10","tmin","_suitability",11.6176853055917,28.5900805814892,100,0,0.811443433029909,0.928857541768311,0.5,0.698442125254143,0.00375475069908542,11.7676470588235,28.5097655771735,100,0,0.80392156862745,0.927226467249845,0.533333333333333,0.714015280437867,0.004005146463444
"10","tmax","_psuitability",98.6189856957087,7.98610143670535,100,0,0.00260078023407022,0.0809951113488877,0.533333333333333,0.347056311961058,0.00324218767164701,98.7088235294118,6.87790027421084,100,10,0,0.0699694144197903,0.666666666666667,NA,NA
"10","tmax","_tsuitability",57.7971391417425,44.1361581988604,100,0,0.357607282184655,0.610454647343223,0.6,0.999998780190571,0.00214891055351627,55.2127450980392,44.8787130997218,100,0,0.387581699346405,0.633982561975398,0.6,0.999988906584093,0.00210549553680825
"10","tmax","_suitability",57.2457737321196,44.1379901317517,100,0,0.360208062418726,0.61429249269381,0.633333333333333,0.999998780190571,0.00217130675545293,54.8349673202614,44.8104126539284,100,0,0.387581699346405,0.636175845095012,0.633333333333333,1,0.00214462770260156
"11","tmean","_psuitability",98.2067620286086,8.81125322426373,100,0,0.00260078023407022,0.0898626317652467,0.633333333333333,0.417927216612663,0.0039580553954006,98.2660130718954,7.97063639720745,100,3,0,0.081557950847267,0.7,NA,NA
"11","tmean","_tsuitability",70.850455136541,39.2332734121322,100,0,0.172951885565670,0.488563617477291,0.233333333333333,0.997303761654104,0.00336253194167776,72.0101307189542,38.9195727557981,100,0,0.165359477124183,0.479340266932863,0.333333333333333,0.993147914684706,0.00349666248998625
"11","tmean","_suitability",69.3628088426528,39.0106118096960,100,0,0.17555266579974,0.495831256165217,0.633333333333333,0.999989021690386,0.00333069067065333,70.4794117647059,38.5648378134033,100,0,0.165359477124183,0.485615672831249,0.7,0.999997226651355,0.00356584745934634
"11","tmin","_psuitability",98.2067620286086,8.81125322426373,100,0,0.00260078023407022,0.0898626317652467,0.633333333333333,0.417927216612663,0.0039580553954006,98.2660130718954,7.97063639720745,100,3,0,0.081557950847267,0.7,NA,NA
"11","tmin","_tsuitability",12.6436931079324,29.8754875289625,100,0,0.804941482444733,0.923174330911327,0.266666666666667,0.711934352996922,0.00315295251030574,12.8803921568627,29.7740220800551,100,0,0.789869281045752,0.920653504754635,0.266666666666667,0.741732530131882,0.00370068323800847
"11","tmin","_suitability",12.0728218465540,28.7970159491168,100,0,0.804941482444733,0.925169087979276,0.566666666666667,0.711934352996922,0.00383905013665096,12.4241830065359,29.0496717601904,100,0,0.789869281045752,0.922666319562442,0.6,0.741732530131882,0.004232076477116
"11","tmax","_psuitability",98.2067620286086,8.81125322426373,100,0,0.00260078023407022,0.0898626317652467,0.633333333333333,0.417927216612663,0.0039580553954006,98.2660130718954,7.97063639720745,100,3,0,0.081557950847267,0.7,NA,NA
"11","tmax","_tsuitability",55.2405721716515,43.0188684097516,100,0,0.364109232769831,0.62061444447145,0.633333333333333,0.999989021690386,0.00344931002509694,52.9702614379085,43.7666861423681,100,0,0.393137254901961,0.6423934259669,0.633333333333333,0.99996271357088,0.00336139256534673
"11","tmax","_suitability",54.6566970091027,43.0216056429427,100,0,0.366710013003901,0.624857330920588,0.666666666666667,0.999998780190571,0.00347949673592535,52.5421568627451,43.6991092396355,100,0,0.393137254901961,0.645076349537034,0.7,0.999975039734238,0.00340618097551496
"12","tmean","_psuitability",98.22366710013,9.21682743079382,100,0,0.00390117035110533,0.0938055427144536,0.6,0.399792054476653,0.00366624405572739,98.2771241830065,8.4978892576246,100,0,0.00065359477124183,0.0866941886918678,0.7,0.406997083438806,0.00403171583980077
"12","tmean","_tsuitability",79.6085825747724,38.166493529362,100,0,0.167750325097529,0.432503974439972,0.333333333333333,0.849501289228672,0.00198958362758555,80.2882352941176,37.4840568766448,100,0,0.158496732026144,0.423455903206915,0.433333333333333,0.846483654859872,0.00217962175851388
"12","tmean","_suitability",78.2171651495449,38.3215006661708,100,0,0.171651495448635,0.440581392695012,0.6,0.92044791974554,0.00261595077240881,78.8676470588235,37.5076733875655,100,0,0.159150326797386,0.430458146265435,0.7,0.924380220254877,0.00295057812108090
"12","tmin","_psuitability",98.22366710013,9.21682743079382,100,0,0.00390117035110533,0.0938055427144536,0.6,0.399792054476653,0.00366624405572739,98.2771241830065,8.4978892576246,100,0,0.00065359477124183,0.0866941886918678,0.7,0.406997083438806,0.00403171583980077
"12","tmin","_tsuitability",24.0871261378414,40.3035222972968,100,0,0.711313394018205,0.85936174035166,0.166666666666667,0.867018599668911,0.00178648987848959,24.9669934640523,41.0601487783295,100,0,0.704248366013072,0.855297429442213,0.133333333333333,0.876035563232747,0.00171108379709161
"12","tmin","_suitability",23.1547464239272,38.9173902252879,100,0,0.711313394018205,0.861265739247812,0.6,0.867018599668911,0.00284467729956242,23.9866013071895,39.6465276682205,100,0,0.704248366013072,0.857284682088623,0.666666666666667,0.876035563232747,0.00272198173195555
"12","tmax","_psuitability",98.22366710013,9.21682743079382,100,0,0.00390117035110533,0.0938055427144536,0.6,0.399792054476653,0.00366624405572739,98.2771241830065,8.4978892576246,100,0,0.00065359477124183,0.0866941886918678,0.7,0.406997083438806,0.00403171583980077
"12","tmax","_tsuitability",53.8205461638492,42.9809677383159,100,0,0.375812743823147,0.630674500116763,0.633333333333333,0.999998780190571,0.00395251139165719,52.0869281045752,43.4714565080703,100,0,0.397385620915033,0.64690126126795,0.633333333333333,0.999969184815397,0.00376987927059402
"12","tmax","_suitability",53.148244473342,42.9683613638491,100,0,0.379713914174252,0.635528613821357,0.633333333333333,0.999989021690386,0.00398544864129323,51.5539215686275,43.3985163377069,100,0,0.398366013071895,0.650372065459005,0.666666666666667,0.999988906584093,0.00384263904968472
"MEAN","tmean","_psuitability",99.6124837451235,5.43145259452012,100,0,0.00260078023407022,0.0544173536154815,0.1,0.0747843376051104,0.000491965708455627,99.5686274509804,5.44023332995072,100,0,0.00196078431372549,0.0545642273102147,0.466666666666667,0.100530877737835,0.000808776282448155
"MEAN","tmean","_tsuitability",78.557867360208,38.6508421322131,100,0,0.170351105331599,0.441781621732265,0.4,0.87204062845075,0.00215690201257536,79.028431372549,38.1348089926305,100,0,0.163071895424837,0.435154581504,0.566666666666667,0.868552328153226,0.00229236578069729
"MEAN","tmean","_suitability",78.442132639792,38.6322753885391,100,0,0.170351105331599,0.442182493555865,0.433333333333333,0.87695657433391,0.00220655803159718,78.9287581699346,38.1448027763036,100,0,0.163398692810458,0.435723273697688,0.633333333333333,0.874805077197173,0.00234774157414405
"MEAN","tmin","_psuitability",99.6124837451235,5.43145259452012,100,0,0.00260078023407022,0.0544173536154815,0.1,0.0747843376051104,0.000491965708455627,99.5686274509804,5.44023332995072,100,0,0.00196078431372549,0.0545642273102147,0.466666666666667,0.100530877737835,0.000808776282448155
"MEAN","tmin","_tsuitability",23.3940182054616,39.1681008018201,100,0,0.69960988296489,0.860268654925654,0.166666666666667,0.8817672526919,0.00234594253011309,24.2882352941176,39.764605572242,100,0,0.688235294117647,0.855159542504938,0.166666666666667,0.895200016825302,0.00237032651921088
"MEAN","tmin","_suitability",23.3940182054616,39.1681008018201,100,0,0.69960988296489,0.860268654925654,0.166666666666667,0.8817672526919,0.00234594253011309,24.2725490196078,39.7421185926384,100,0,0.688235294117647,0.855193935120372,0.2,0.895200016825302,0.00238536739535482
"MEAN","tmax","_psuitability",99.6124837451235,5.43145259452012,100,0,0.00260078023407022,0.0544173536154815,0.1,0.0747843376051104,0.000491965708455627,99.5686274509804,5.44023332995072,100,0,0.00196078431372549,0.0545642273102147,0.466666666666667,0.100530877737835,0.000808776282448155
"MEAN","tmax","_tsuitability",63.1599479843953,44.4917965050557,100,0,0.322496749024707,0.577419712217393,0.633333333333333,0.999989021690386,0.000938515948303716,60.6614379084967,45.0484220596729,100,0,0.346078431372549,0.59801501718963,0.633333333333333,0.99991094291806,0.000700949776047043
"MEAN","tmax","_suitability",62.7724317295189,44.5020361126043,100,0,0.325097529258778,0.579978251688569,0.633333333333333,0.999969504558,0.000910409836278508,60.2571895424837,45.0175099122798,100,0,0.348039215686274,0.600450239567009,0.666666666666667,0.999988906584093,0.000707811774532353
"MODE","tmean","_psuitability",99.6892067620286,4.84589608588159,100,0,0.00130039011703511,0.0485270693833749,0.111111111111111,0.0565858671637136,0.000426711004191448,99.7954248366013,4.22882340034767,100,0,0.00130718954248366,0.0423307857809963,0.2,0.0395884087317932,0.000254361458380181
"MODE","tmean","_tsuitability",81.3758127438231,35.862374195874,100,0,0.136540962288687,0.403893276663131,0.3,0.842154201128433,0.00269743922310781,83.2503267973856,33.8475817986545,100,0,0.115032679738562,0.377602429509189,0.466666666666667,0.833282834446303,0.00321586846904424
"MODE","tmean","_suitability",81.3042912873862,35.8442230759022,100,0,0.136540962288687,0.40406275504308,0.333333333333333,0.847682933842317,0.00275328500809654,83.206862745098,33.8820428306116,100,0,0.115032679738562,0.378104102620298,0.466666666666667,0.836640741941167,0.00324978672656813
"MODE","tmin","_psuitability",99.6892067620286,4.84589608588159,100,0,0.00130039011703511,0.0485270693833749,0.111111111111111,0.0565858671637136,0.000426711004191448,99.7954248366013,4.22882340034767,100,0,0.00130718954248366,0.0423307857809963,0.2,0.0395884087317932,0.000254361458380181
"MODE","tmin","_tsuitability",26.0234070221066,40.4717554976873,100,0,0.663198959687906,0.843111458277803,0.233333333333333,0.921724574296241,0.00248185665372432,26.9986928104575,41.0119940149201,100,0,0.65,0.83729474121132,0.233333333333333,0.93406805537549,0.00252099563134763
"MODE","tmin","_suitability",26.0234070221066,40.4717554976873,100,0,0.663198959687906,0.843111458277803,0.233333333333333,0.921724574296241,0.00248185665372432,26.9986928104575,41.0119940149201,100,0,0.65,0.83729474121132,0.233333333333333,0.93406805537549,0.00252099563134763
"MODE","tmax","_psuitability",99.6892067620286,4.84589608588159,100,0,0.00130039011703511,0.0485270693833749,0.111111111111111,0.0565858671637136,0.000426711004191448,99.7954248366013,4.22882340034767,100,0,0.00130718954248366,0.0423307857809963,0.2,0.0395884087317932,0.000254361458380181
"MODE","tmax","_tsuitability",68.3420026007802,45.2737198034195,100,0,0.299089726918075,0.552202234867315,0.366666666666667,0.949132168359964,0.000696533615307489,66.947385620915,45.5298921422486,100,0,0.308823529411765,0.562562792428398,0.533333333333333,0.96841114765577,0.000773741346222836
"MODE","tmax","_suitability",68.0442132639792,45.3231811656606,100,0,0.300390117035111,0.55431866354492,0.433333333333333,0.953106435531704,0.000720597806462667,66.7843137254902,45.6012022427256,100,0,0.310130718954248,0.564098563677026,0.633333333333333,0.969792047217219,0.000772401554462025
"MAX","tmean","_psuitability",98.107932379714,9.23647953404984,100,0,0.00260078023407022,0.0942239536743912,0.533333333333333,0.347056311961058,0.00324218767164701,97.3539215686275,11.3184708013870,100,0,0.00294117647058824,0.116218607399514,0.7,0.412685307404339,0.00387590737474382
"MAX","tmean","_tsuitability",85.7841352405722,33.2827252499704,100,0,0.11703511053316,0.361716756182944,0.566666666666667,0.730172925408005,0.00211510125031794,86.690522875817,32.4292471744141,100,0,0.114379084967320,0.350493163294721,0.6,0.71268285077766,0.002017150863999
"MAX","tmean","_suitability",84.3211963589077,33.6044249415192,100,0,0.118335500650195,0.37062295991145,0.633333333333333,0.82092221569896,0.00299358488913028,84.3699346405229,33.1387527175171,100,0,0.115686274509804,0.366349149509597,0.7,0.835206378385815,0.00321589530955186
"MAX","tmin","_psuitability",98.107932379714,9.23647953404984,100,0,0.00260078023407022,0.0942239536743912,0.533333333333333,0.347056311961058,0.00324218767164701,97.3539215686275,11.3184708013870,100,0,0.00294117647058824,0.116218607399514,0.7,0.412685307404339,0.00387590737474382
"MAX","tmin","_tsuitability",38.8270481144343,45.6625130799897,100,0,0.53185955786736,0.76318305439282,0.233333333333333,0.997069253304014,0.0010102702434071,40.5107843137255,45.9546183895561,100,0,0.505882352941176,0.751671709908737,0.333333333333333,0.999900157209488,0.000898608748946382
"MAX","tmin","_suitability",38.4473342002601,45.3106481954239,100,0,0.53185955786736,0.76414106909133,0.466666666666667,0.997069253304014,0.00122969284361138,39.8235294117647,45.4294415925801,100,0,0.505882352941176,0.753947433198193,0.6,0.999900157209488,0.00111884750190383
"MAX","tmax","_psuitability",98.107932379714,9.23647953404984,100,0,0.00260078023407022,0.0942239536743912,0.533333333333333,0.347056311961058,0.00324218767164701,97.3539215686275,11.3184708013870,100,0,0.00294117647058824,0.116218607399514,0.7,0.412685307404339,0.00387590737474382
"MAX","tmax","_tsuitability",51.3654096228869,41.26622660479,100,0,0.375812743823147,0.637652758413303,0.633333333333333,0.999998780190571,0.00531803196153271,49.7960784313725,41.8087644661429,100,0,0.397385620915033,0.653286713022517,0.633333333333333,0.999969184815397,0.00502719215020753
"MAX","tmax","_suitability",50.0975292587776,40.5489943698771,100,0,0.377113133940182,0.642832746662812,0.666666666666667,0.999969504558,0.00610902570860471,48.1307189542484,41.0068114499932,100,0,0.400326797385621,0.661168009854456,0.7,0.99993066521756,0.00586349709872850
"MIN","tmean","_psuitability",93.001300390117,18.8185205862943,100,0,0.00780234070221066,0.200663399103877,0.666666666666667,0.714585864837002,0.00655295416395533,92.9732026143791,18.7815838608583,100,0,0.0065359477124183,0.200501495438819,0.7,0.708662004052857,0.00658413736921743
"MIN","tmean","_tsuitability",63.2678803641092,43.5969169495562,100,0,0.250975292587776,0.569865610511999,0.133333333333333,0.999354624754116,0.00188418539775889,66.1045751633987,42.9131745257138,100,0,0.232352941176471,0.546794162559505,0.4,0.993511420166107,0.00213556472906681
"MIN","tmean","_suitability",57.1209362808843,42.0966731063422,100,0,0.257477243172952,0.600702882618317,0.666666666666667,0.999998780190571,0.00178871912744940,59.602614379085,41.7364776451713,100,0,0.238562091503268,0.580802296129709,0.7,0.999836982693936,0.00209288972545987
"MIN","tmin","_psuitability",93.001300390117,18.8185205862943,100,0,0.00780234070221066,0.200663399103877,0.666666666666667,0.714585864837002,0.00655295416395533,92.9732026143791,18.7815838608583,100,0,0.0065359477124183,0.200501495438819,0.7,0.708662004052857,0.00658413736921743
"MIN","tmin","_tsuitability",13.8582574772432,31.5659352516891,100,0,0.799739921976593,0.917361016923333,0.233333333333333,0.722447946080975,0.0028978818010265,14.0722222222222,31.5865795884535,100,0,0.786601307189542,0.915476321607958,0.233333333333333,0.747929188536245,0.0031947194064928
"MIN","tmin","_suitability",11.6996098829649,28.3347183304942,100,0,0.801040312093628,0.92729559102475,0.633333333333333,0.719842585100923,0.00412954015101693,12.2065359477124,28.9705437605166,100,0,0.787908496732026,0.924484205247247,0.666666666666667,0.745461597622782,0.00426974382550892
"MIN","tmax","_psuitability",93.001300390117,18.8185205862943,100,0,0.00780234070221066,0.200663399103877,0.666666666666667,0.714585864837002,0.00655295416395533,92.9732026143791,18.7815838608583,100,0,0.0065359477124183,0.200501495438819,0.7,0.708662004052857,0.00658413736921743
"MIN","tmax","_tsuitability",63.9830949284785,45.5944358275193,100,0,0.299089726918075,0.58080691369964,0.266666666666667,0.991580343210875,0.00112530305824598,61.9169934640523,46.273745629671,100,0,0.321241830065360,0.599239114494264,0.466666666666667,0.995849556660248,0.000910330945641507
"MIN","tmax","_suitability",61.7451235370611,45.2057225275299,100,0,0.305591677503251,0.591974281590864,0.633333333333333,0.999969504558,0.00113081217935382,59.7052287581699,45.734920366624,100,0,0.326470588235294,0.609480760472077,0.7,0.99999506959995,0.00089611509257952
