"DIST.KM","SUI.IN.AREA","SUI.IN.FRAC","SUI.OT.AREA","SUI.OT.FRAC","UNS.IN.AREA","UNS.IN.FRAC","UNS.OT.AREA","UNS.OT.FRAC","TOTAL.IN","SUI.FRAC","UNS.FRAC","TOTAL.SUI","IN.FRAC","OT.FRAC","GS"
25,4732301.85446167,0.136380632156047,17341384.0946655,0.499762905669579,505647.479248047,0.0145723001171076,12119888.7386475,0.349284162057267,5237949.33370972,0.903464610473823,0.096535389526177,22073685.9491272,0.214386571656773,0.785613428343227,"1"
50,7536660.81948853,0.217199705031175,14537025.1296387,0.418943832794451,1015946.15365601,0.0292786434452567,11609590.0642395,0.334577818729118,8552606.97314453,0.881212107975251,0.118787892024749,22073685.9491272,0.341431912950928,0.658568087049072,"1"
100,10643036.1736450,0.306722615348995,11430649.7754822,0.329420922476631,1982525.74133301,0.0571345873919085,10643010.4765625,0.306721874782466,12625561.9149780,0.842975246988327,0.157024753011673,22073685.9491272,0.482159445331143,0.517840554668857,"1"
200,13692439.3249817,0.394603638637025,8381246.6241455,0.2415398991886,3329974.79876709,0.0959668427937217,9295561.41912842,0.267889619380653,17022414.1237488,0.804377054008968,0.195622945991032,22073685.9491272,0.620305976833157,0.379694023166842,"1"
300,15339145.0539246,0.442060198931563,6734540.89520264,0.194083338894063,4142763.58007812,0.119390675679621,8482772.63781738,0.244465786494753,19481908.6340027,0.787353300033059,0.212646699966941,22073685.9491272,0.694906373556115,0.305093626443885,"1"
400,16554815.0191345,0.47709470083937,5518870.92999268,0.159048836986256,4808965.26147461,0.138590001767963,7816570.9564209,0.225266460406412,21363780.2806091,0.774901014787188,0.225098985212812,22073685.9491272,0.749979638982274,0.250020361017725,"1"
500,17571159.4342957,0.506384821818711,4502526.51483154,0.129758716006915,5369462.52603149,0.154743022773995,7256073.69186401,0.209113439400380,22940621.9603271,0.765940847841123,0.234059152158877,22073685.9491272,0.79602289689142,0.203977103108580,"1"
750,19234774.6148682,0.554328697118416,2838911.33425903,0.0818148407072094,7088893.90649414,0.204295470151237,5536642.31140137,0.159560992023137,26323668.5213623,0.730702660203257,0.269297339796743,22073685.9491272,0.871389339288336,0.128610660711664,"1"
1000,20330805.1450500,0.585915299403223,1742880.80407715,0.050228238422403,8985943.49575806,0.258966712639976,3639592.72213745,0.104889749534398,29316748.6408081,0.69348771905593,0.30651228094407,22073685.9491272,0.921042602123908,0.0789573978760925,"1"
1500,21627371.3928833,0.623281158545318,446314.556243896,0.0128623792803074,11965268.9364929,0.344828160092431,660267.281402588,0.0190283020819438,33592640.3293762,0.64381278699223,0.356187213007770,22073685.9491272,0.97978069646943,0.0202193035305707,"1"
2000,22070576.8054810,0.63605393513565,3109.14364624023,8.96026899760044e-05,12624041.4873657,0.363813385400993,1494.73052978516,4.30767733809812e-05,34694618.2928467,0.636138337628907,0.363861662371093,22073685.9491272,0.99985914705621,0.00014085294379044,"1"
25,5047145.49047852,0.145454139178808,18268793.5577393,0.526490002277385,190803.843231201,0.00549879309434597,11192479.2755737,0.322557065449461,5237949.33370972,0.96357279708621,0.0364272029137912,23315939.0482178,0.21646760527384,0.78353239472616,"2"
50,8120954.08703613,0.234038505184537,15194984.9611816,0.437905636271656,431652.886108398,0.0124398432918946,10951630.2326965,0.315616015251912,8552606.97314453,0.949529671191041,0.0504703288089588,23315939.0482178,0.348300536823409,0.651699463176591,"2"
100,11717347.7176819,0.337683296221486,11598591.3305359,0.334260845234707,908214.197296143,0.0261739065194172,10475068.9215088,0.301881952024390,12625561.9149780,0.928065443469989,0.0719345565300111,23315939.0482178,0.502546678195127,0.497453321804873,"2"
200,15405687.2840881,0.443977885438865,7910251.76412964,0.227966256017328,1616726.83966064,0.046592595991882,9766556.27914429,0.281463262551925,17022414.1237488,0.905023645417892,0.0949763545821078,23315939.0482178,0.660736299414272,0.339263700585728,"2"
300,17362349.0007019,0.500367095179518,5953590.04751587,0.171577046276675,2119559.63330078,0.0610837794316657,9263723.48550415,0.266972079112141,19481908.6340027,0.891203697075069,0.108796302924931,23315939.0482178,0.744655789535058,0.255344210464942,"2"
400,18700456.8273010,0.538930144810954,4615482.22091675,0.133013996645239,2663323.45330811,0.076754557796378,8719959.66549683,0.251301300747429,21363780.2806091,0.875334635615707,0.124665364384293,23315939.0482178,0.80204605049911,0.197953949500891,"2"
500,19612176.0666504,0.565205063452094,3703762.98156738,0.106739078004099,3328445.89367676,0.095922781140611,8054837.22512817,0.232133077403196,22940621.9603271,0.85491038998712,0.145089610012879,23315939.0482178,0.841148882148476,0.158851117851524,"2"
750,21185904.3734436,0.610558480863533,2130034.67477417,0.0613856605926603,5137764.1479187,0.148065686406121,6245518.97088623,0.179990172137686,26323668.5213623,0.804823398997397,0.195176601002603,23315939.0482178,0.908644697073139,0.0913553029268614,"2"
1000,22251161.5326233,0.641258222605642,1064777.51559448,0.0306859188505505,7065587.10818481,0.203623789437556,4317696.01062012,0.124432069106251,29316748.6408081,0.758991449060292,0.241008550939708,23315939.0482178,0.954332634281103,0.0456673657188974,"2"
1500,23128688.3360901,0.666547746366229,187250.712127686,0.00539639508996383,10463951.9932861,0.301561572271520,919331.125518799,0.0264942862722874,33592640.3293762,0.688504628076657,0.311495371923343,23315939.0482178,0.991968982602826,0.008031017397174,"2"
2000,23312829.9045715,0.671854538766217,3109.14364624023,8.96026899760044e-05,11381788.3882751,0.328012781770426,1494.73052978516,4.30767733809812e-05,34694618.2928467,0.671943691894664,0.328056308105336,23315939.0482178,0.999866651579428,0.000133348420572316,"2"
25,5182465.02349854,0.149353924954082,16533341.5762024,0.476475855758959,55484.3102111816,0.0015990073190722,12927931.2571106,0.372571211967886,5237949.33370972,0.98940724572227,0.0105927542777291,21715806.5997009,0.238649437206256,0.761350562793744,"3"
50,8403168.75289917,0.242171674985998,13312637.8468018,0.383658105727043,149438.220245361,0.00430667349043299,12833977.3470764,0.369863545796526,8552606.97314453,0.982527173209923,0.0174728267900773,21715806.5997009,0.386960931629171,0.613039068370829,"3"
100,12211294.7270203,0.351918399445437,9504511.87268066,0.273911381267604,414267.187957764,0.0119388032954662,12569148.3793640,0.362231415991492,12625561.9149780,0.967188217780128,0.0328117822198716,21715806.5997009,0.562322871635283,0.437677128364717,"3"
200,15874861.1907043,0.457499050390571,5840945.40899658,0.168330730322470,1147552.93304443,0.0330714310401759,11835862.6342773,0.341098788246783,17022414.1237488,0.932585770461111,0.0674142295388894,21715806.5997009,0.73102793201902,0.268972067980980,"3"
300,17361804.5545654,0.500351404737414,4354002.0451355,0.125478375975627,2120104.07943726,0.06109946987377,10863311.4878845,0.313070749413189,19481908.6340027,0.891175750832907,0.108824249167093,21715806.5997009,0.799500791041514,0.200499208958486,"3"
400,18306881.3617249,0.527587658121146,3408925.23797607,0.0982421225918958,3056898.91888428,0.0880970444861868,9926516.6484375,0.286073174800772,21363780.2806091,0.85691207835259,0.143087921647410,21715806.5997009,0.84302101686506,0.15697898313494,"3"
500,18993553.7343445,0.547376930898338,2722252.86535645,0.078452849814703,3947068.22598267,0.113750913694367,9036347.34133911,0.260419305592592,22940621.9603271,0.82794414934309,0.172055850656909,21715806.5997009,0.874641871907538,0.125358128092462,"3"
750,20217253.2795105,0.582642837992042,1498553.32019043,0.043186942720999,6106415.24185181,0.175981329277611,6877000.32546997,0.198188890009347,26323668.5213623,0.768025674806826,0.231974325193174,21715806.5997009,0.930992509382034,0.0690074906179662,"3"
1000,21164501.9659119,0.609941682958706,551304.633789062,0.0158880977543355,8152246.67489624,0.234940329084493,4831168.89242554,0.139229890202466,29316748.6408081,0.72192527981945,0.27807472018055,21715806.5997009,0.974612748955102,0.0253872510448981,"3"
1500,21702546.7342529,0.625447643459815,13259.8654479980,0.000382137253226382,11890093.5951233,0.342661675177934,1093321.97219849,0.0315085441090248,33592640.3293762,0.646050638516628,0.353949361483372,21715806.5997009,0.99938939106926,0.000610608930739909,"3"
2000,21714192.2144775,0.625783255600299,1614.38522338867,4.65251127422373e-05,12980426.0783691,0.374084064936344,2989.48895263672,8.61543506147483e-05,34694618.2928467,0.62586629520448,0.37413370479552,21715806.5997009,0.999925658519016,7.43414809842203e-05,"3"
25,5219095.31237793,0.150409576539097,25622019.2009583,0.738403272489168,18854.0213317871,0.000543355734057506,3839253.63235474,0.110643795237677,5237949.33370972,0.99640049566527,0.00359950433473055,30841114.5133362,0.169225249953957,0.830774750046043,"4"
50,8514503.03344727,0.245380227616146,22326611.4798889,0.643432621412119,38103.9396972656,0.00109812086028484,3820003.71398926,0.11008903011145,8552606.97314453,0.995544757310033,0.00445524268996731,30841114.5133362,0.276076372978203,0.723923627021797,"4"
100,12550243.3830872,0.361686591205915,18290871.1302490,0.52712625782235,75318.5318908691,0.00217061153498853,3782789.12179565,0.109016539436746,12625561.9149780,0.994034441207601,0.00596555879239853,30841114.5133362,0.406932226060126,0.593067773939874,"4"
200,16859362.8704224,0.485871492717352,13981751.6429138,0.402941356310913,163051.253326416,0.00469898871339473,3695056.40036011,0.106488162258340,17022414.1237488,0.990421379004113,0.00957862099588656,30841114.5133362,0.546652192583122,0.453347807416878,"4"
300,19192532.6937256,0.553111323399223,11648581.8196106,0.335701525629042,289375.940277100,0.00833955121196104,3568731.71340942,0.102847599759774,19481908.6340027,0.985146427605556,0.0148535723944439,30841114.5133362,0.622303473677206,0.377696526322794,"4"
400,20920409.3606567,0.602907156245680,9920705.15267944,0.285905692782585,443370.919952393,0.0127775463616519,3414736.73373413,0.098409604610083,21363780.2806091,0.979246607382738,0.0207533926172616,30841114.5133362,0.67832857828826,0.321671421711741,"4"
500,22321136.549469,0.643274838900639,8519977.96386719,0.245538010127627,619485.410858154,0.017853005692067,3238622.24282837,0.0933341452796679,22940621.9603271,0.972996137073813,0.0270038629261872,30841114.5133362,0.723746106510418,0.276253893489582,"4"
750,25262572.048584,0.72804433272262,5578542.4647522,0.160768516305645,1061096.47277832,0.0305798345470338,2797011.18090820,0.0806073164247011,26323668.5213623,0.959690402881452,0.0403095971185481,30841114.5133362,0.819119945800274,0.180880054199726,"4"
1000,27653203.7802734,0.79694016330298,3187910.73306274,0.0918726857252857,1663544.86053467,0.0479418487402193,2194562.79315186,0.0632453022315156,29316748.6408081,0.943256161148134,0.0567438388518657,30841114.5133362,0.896634386163826,0.103365613836174,"4"
1500,30223773.9151917,0.87102165488642,617340.598144531,0.0177911941418455,3368866.41418457,0.0970876637513292,489241.239501953,0.0140994872204057,33592640.3293762,0.89971415223237,0.10028584776763,30841114.5133362,0.979983194255915,0.020016805744085,"4"
2000,30837707.0137329,0.888714647991168,3407.49960327148,9.82010370973067e-05,3856911.27911377,0.111152672545475,1196.37457275391,3.44784262596789e-05,34694618.2928467,0.888832577820607,0.111167422179393,30841114.5133362,0.99988951438179,0.000110485618209356,"4"
25,5216838.53494263,0.150344538267506,25478123.1121521,0.734256318182426,21110.7987670898,0.000608394005648721,3983149.72116089,0.11479074954442,5237949.33370972,0.995969644335575,0.00403035566442533,30694961.6470947,0.169957486669034,0.830042513330965,"5"
50,8509016.62097168,0.245222114202273,22185945.0261230,0.639378742247658,43590.3521728516,0.00125623427415842,3960670.16775513,0.114142909275910,8552606.97314453,0.99490326723656,0.00509673276344005,30694961.6470947,0.277212160054191,0.722787839945809,"5"
100,12533133.2803955,0.36119349361977,18161828.3666992,0.523407362830161,92428.6345825195,0.00266370912113302,3911831.88534546,0.112735434428936,12625561.9149780,0.99267924586605,0.0073207541339502,30694961.6470947,0.408312394212806,0.591687605787194,"5"
200,16823889.138916,0.484849172063143,13871072.5081787,0.399751684386788,198524.984832764,0.00572130936760412,3805735.53509521,0.109677834182465,17022414.1237488,0.98833743654751,0.0116625634524889,30694961.6470947,0.548099369933840,0.451900630066160,"5"
300,19154204.9074707,0.55200675148489,11540756.7396240,0.332594104965041,327703.726531982,0.0094441231262937,3676556.793396,0.105955020423775,19481908.6340027,0.98317907486949,0.0168209251305093,30694961.6470947,0.624017880448586,0.375982119551414,"5"
400,20877671.0676270,0.60167547754049,9817290.57946777,0.282925378909441,486109.212982178,0.0140092250668421,3518151.3069458,0.101389918483227,21363780.2806091,0.977246105015254,0.0227538949847465,30694961.6470947,0.680166058119282,0.319833941880718,"5"
500,22270294.1556702,0.641809607387549,8424667.49142456,0.242791249062383,670327.804656982,0.0193182372051569,3333932.71527100,0.0960809063449118,22940621.9603271,0.97077987659549,0.0292201234045105,30694961.6470947,0.725535819582236,0.274464180417764,"5"
750,25200182.6221924,0.72624632624019,5494779.02490234,0.158354530209742,1123485.89916992,0.0323778410294642,2880774.62075806,0.0830213025206045,26323668.5213623,0.95732031429213,0.0426796857078711,30694961.6470947,0.820987591120759,0.179012408879241,"5"
1000,27574392.9608765,0.794668907220707,3120568.68621826,0.0899319492292243,1742355.67993164,0.0502131048224918,2261904.83999634,0.065186038727577,29316748.6408081,0.940567908765083,0.0594320912349171,30694961.6470947,0.898336126883103,0.101663873116897,"5"
1500,30084540.3221130,0.867009069462792,610421.32498169,0.0175917869871394,3508100.00726318,0.101100249174957,496160.512664795,0.0142988943751118,33592640.3293762,0.895569387435277,0.104430612564723,30694961.6470947,0.980113305499456,0.0198866945005441,"5"
2000,30691554.1474915,0.884502655412834,3407.49960327148,9.82010370973067e-05,4003064.14535522,0.115364665123809,1196.37457275391,3.44784262596789e-05,34694618.2928467,0.884620026323201,0.115379973676799,30694961.6470947,0.999888988308816,0.000111011691183983,"5"
25,5125454.79708862,0.147710942119035,16404828.1296692,0.47277221520141,112494.536621094,0.00324199015411953,13056444.7036438,0.376274852525436,5237949.33370972,0.97852317205569,0.0214768279443094,21530282.9267578,0.238057939810847,0.761942060189153,"6"
50,8279017.50741577,0.238593749092276,13251265.4193420,0.381889408228168,273589.46572876,0.00788459938415486,12895349.7745361,0.371632243295400,8552606.97314453,0.968010985821301,0.0319890141786989,21530282.9267578,0.384528969525366,0.615471030474634,"6"
100,11958502.3170166,0.344633152278026,9571780.60974121,0.275850005042418,667059.597961426,0.0192240504628770,12501879.6423035,0.360292792216678,12625561.9149780,0.947165947745258,0.0528340522547417,21530282.9267578,0.555427086476165,0.444572913523835,"6"
200,15521119.4995422,0.447304536823109,6009163.42721558,0.173178620497336,1501294.62420654,0.0432659446076384,11667644.6160583,0.336250898071917,17022414.1237488,0.911804834890486,0.0881951651095138,21530282.9267578,0.720897145306558,0.279102854693442,"6"
300,17090795.5742188,0.492541172593241,4439487.35253906,0.127941984727204,2391113.05978394,0.0689097020179430,10777826.1804810,0.310607140661612,19481908.6340027,0.877264948486073,0.122735051513927,21530282.9267578,0.793802646828125,0.206197353171875,"6"
400,18055160.3999023,0.520333289115095,3475122.52685547,0.100149868205350,3308619.88070679,0.0953514134922373,9860319.3595581,0.284165429187318,21363780.2806091,0.845129474407212,0.154870525592789,21530282.9267578,0.838593736149348,0.161406263850652,"6"
500,18748366.10849,0.540310846688315,2781916.81826782,0.0801723106321296,4192255.85183716,0.120816997904390,8976683.38842773,0.258699844775165,22940621.9603271,0.817256225263329,0.182743774736671,21530282.9267578,0.87079051270569,0.129209487294310,"6"
750,19993182.9755554,0.576185335778404,1537099.95120239,0.0442978215420406,6330485.54580688,0.182438831491250,6838453.69445801,0.197078011188306,26323668.5213623,0.759513551818602,0.240486448181398,21530282.9267578,0.928607535886484,0.0713924641135155,"6"
1000,20937416.2086792,0.60339727812624,592866.718078613,0.0170858791942045,8379332.4321289,0.241484733916959,4789606.80813599,0.138032108762597,29316748.6408081,0.714179340458474,0.285820659541526,21530282.9267578,0.972463589071475,0.0275364109285252,"6"
1500,21496962.1202087,0.619522882003935,33320.8065490723,0.000960275316509531,12095678.2091675,0.348586436633814,1073261.03109741,0.0309304060457417,33592640.3293762,0.639930708316786,0.360069291683214,21530282.9267578,0.998452374886924,0.00154762511307556,"6"
2000,21528370.1855774,0.620428033860581,1912.74118041992,5.51234598635397e-05,13166248.1072693,0.379439286676062,2691.13299560547,7.75560034934459e-05,34694618.2928467,0.620510362842531,0.379489637157469,21530282.9267578,0.999911160425205,8.88395747945685e-05,"6"
25,5058387.6864624,0.14577812903454,16408799.8426514,0.472886676354546,179561.647247314,0.00517480323861454,13052472.9906616,0.376160391372299,5237949.33370972,0.965719094285293,0.0342809057147069,21467187.5291138,0.235633460582679,0.764366539417321,"7"
50,8156066.42251587,0.235050410734198,13311121.1065979,0.383614394654888,396540.550628662,0.0114279377422334,12835494.0872803,0.36990725686868,8552606.97314453,0.953635125304622,0.046364874695378,21467187.5291138,0.379931763835138,0.620068236164862,"7"
100,11750355.9792175,0.338634564275184,9716831.54989624,0.280030241113903,875205.935760498,0.0252226384657196,12356828.7021484,0.356112556145194,12625561.9149780,0.930679842873194,0.0693201571268063,21467187.5291138,0.547363550222017,0.452636449777983,"7"
200,15257633.3787231,0.439711106643296,6209554.15039062,0.17895369874579,1764780.74502563,0.050859374787451,11467253.8928833,0.330475819823463,17022414.1237488,0.896326059735352,0.103673940264648,21467187.5291138,0.710742073596309,0.289257926403691,"7"
300,16904981.6088257,0.487186183236458,4562205.92028809,0.131478622152628,2576927.025177,0.0742646913747263,10655107.6127319,0.307070503236187,19481908.6340027,0.867727178399791,0.132272821600209,21467187.5291138,0.787480036027038,0.212519963972962,"7"
400,17911486.4454346,0.5161927365178,3555701.0836792,0.102472068871286,3452293.83517456,0.099491966089532,9779740.80273438,0.281843228521382,21363780.2806091,0.838404355885085,0.161595644114915,21467187.5291138,0.834365769672578,0.165634230327422,"7"
500,18625609.5186462,0.536773113500728,2841578.01046753,0.0818916918883587,4315012.44168091,0.124354731091978,8917022.19622803,0.256980463518936,22940621.9603271,0.811905167647888,0.188094832352112,21467187.5291138,0.867631565308041,0.132368434691959,"7"
750,19905214.6804504,0.573650169581261,1561972.84866333,0.0450146358078249,6418453.84091187,0.184973997688392,6813580.79699707,0.196361196922522,26323668.5213623,0.756171757150675,0.243828242849325,21467187.5291138,0.927239055113997,0.0727609448860026,"7"
1000,20839148.9460449,0.600565305058911,628038.583068848,0.0180995003301751,8477599.69476318,0.244316706984288,4754434.94314575,0.137018487626626,29316748.6408081,0.710827425011156,0.289172574988844,21467187.5291138,0.97074425412192,0.0292557458780803,"7"
1500,21402002.6650696,0.616786236937885,65184.8640441895,0.00187856845120118,12190637.6643066,0.351323081699864,1041396.97360229,0.03001211291105,33592640.3293762,0.63710391488203,0.362896085117969,21467187.5291138,0.996963511687044,0.00303648831295603,"7"
2000,21464079.8722534,0.618575245546926,3107.65686035156,8.95598421599492e-05,13230538.4205933,0.381292074989717,1496.21731567383,4.31196211970364e-05,34694618.2928467,0.618657328669296,0.381342671330704,21467187.5291138,0.999855236888571,0.000144763111429337,"7"
25,4832278.79312134,0.139261876530299,15762242.5454712,0.454253483539214,405670.540588379,0.0116910557428552,13699030.2878418,0.394793584187631,5237949.33370972,0.922551648604614,0.0774483513953862,20594521.3385925,0.234639043737619,0.765360956262381,"8"
50,7732687.1211853,0.222849004625074,12861834.2174072,0.37066635544444,819919.851959229,0.0236293438513576,13284780.9764709,0.382855296079129,8552606.97314453,0.904132172268198,0.095867827731802,20594521.3385925,0.37547301993831,0.62452698006169,"8"
100,11061369.2225037,0.318778593054922,9533152.11608887,0.274736767014592,1564192.69247437,0.0450786096859813,12540508.1359558,0.361406030244505,12625561.9149780,0.876109063263258,0.123890936736742,20594521.3385925,0.53710251579266,0.46289748420734,"8"
200,14310155.427063,0.412405654460549,6284365.91152954,0.181109705608965,2712258.69668579,0.078164826970198,11392442.1317444,0.328319812960288,17022414.1237488,0.840665449861087,0.159334550138913,20594521.3385925,0.694852538293613,0.305147461706387,"8"
300,15970767.6215820,0.460262986435479,4623753.7170105,0.133252373634035,3511141.01242065,0.101187888175705,10593559.8160095,0.305296751754781,19481908.6340027,0.819774279903331,0.180225720096669,20594521.3385925,0.775486225632934,0.224513774367066,"8"
400,17028977.7204895,0.490759638314701,3565543.61810303,0.102755721754813,4334802.56011963,0.124925064292632,9769898.26831055,0.281559575637854,21363780.2806091,0.797095715122378,0.202904284877622,20594521.3385925,0.826869313470206,0.173130686529795,"8"
500,17747499.2437134,0.511466774623558,2847022.09487915,0.0820485854459553,5193122.71661377,0.149661069969147,8911578.1118164,0.256823569961339,22940621.9603271,0.77362764071547,0.226372359284531,20594521.3385925,0.86175827793851,0.138241722061491,"8"
750,19025886.2731628,0.54830872523836,1568635.06542969,0.0452066348311542,7297782.24819946,0.210315442031294,6806918.58023071,0.196169197899192,26323668.5213623,0.722767279101804,0.277232720898196,20594521.3385925,0.923832409618077,0.076167590381923,"8"
1000,19901808.9573059,0.573552019740088,692712.381286621,0.0199633403294255,9414939.6835022,0.271329992303111,4689761.14492798,0.135154647627376,29316748.6408081,0.678854575626546,0.321145424373454,20594521.3385925,0.966364239794759,0.0336357602052412,"8"
1500,20481183.8399963,0.590249076518527,113337.498596191,0.00326628355098705,13111456.4893799,0.377860242119222,993244.339050293,0.0286243978112641,33592640.3293762,0.609692588590182,0.390307411409818,20594521.3385925,0.994496716057012,0.00550328394298758,"8"
2000,20591113.8389893,0.593417159032416,3407.49960327148,9.82010370973067e-05,14103504.4538574,0.406450161504227,1196.37457275391,3.44784262596789e-05,34694618.2928467,0.59349590375043,0.40650409624957,20594521.3385925,0.99983454339398,0.000165456606019102,"8"
25,4649854.33145142,0.134004569585728,15856479.7514038,0.456969314040515,588095.002258301,0.0169483626874268,13604793.0819092,0.39207775368633,5237949.33370972,0.887724190367113,0.112275809632887,20506334.0828552,0.226752100724772,0.773247899275228,"9"
50,7383903.59555054,0.212797380875241,13122430.4873047,0.378176502751002,1168703.37759399,0.0336809676011902,13024184.7065735,0.375345148772567,8552606.97314453,0.863351211944643,0.136648788055357,20506334.0828552,0.360079162161120,0.63992083783888,"9"
100,10481668.1517639,0.302072135833795,10024665.9310913,0.288901747792448,2143893.76321411,0.0617850669071082,12048994.3209534,0.347241049466649,12625561.9149780,0.830194190353559,0.169805809646441,20506334.0828552,0.511142952680526,0.488857047319474,"9"
200,13475285.8437195,0.388345472957779,7031048.23913574,0.202628410668464,3547128.2800293,0.102225008472968,10645759.8041382,0.306801107900789,17022414.1237488,0.791620139526477,0.208379860473523,20506334.0828552,0.657127977593313,0.342872022406687,"9"
300,15087570.0534668,0.434810036399192,5418764.02938843,0.156163847227051,4394338.58053589,0.126640838211992,9798549.5036316,0.282385278161765,19481908.6340027,0.774440037519412,0.225559962480588,20506334.0828552,0.735751694696181,0.264248305303819,"9"
400,16238742.6281433,0.467985782216646,4267591.45471191,0.122988101409597,5125037.65246582,0.147698920390686,9067850.43170166,0.261327195983071,21363780.2806091,0.760106236576606,0.239893763423394,20506334.0828552,0.791889109117757,0.208110890882243,"9"
500,17082197.0448914,0.492293370804313,3424137.03796387,0.0986805128219296,5858424.91543579,0.168834473788392,8334463.16873169,0.240191642585365,22940621.9603271,0.744626587475824,0.255373412524176,20506334.0828552,0.83302051823945,0.16697948176055,"9"
750,18474778.299469,0.53242629504897,2031555.78338623,0.0585475885772728,7848890.22189331,0.226197872220684,6343997.86227417,0.182828244153074,26323668.5213623,0.701831444370159,0.298168555629841,20506334.0828552,0.900930328396202,0.0990696716037977,"9"
1000,19381699.6308899,0.558562942350615,1124634.45196533,0.0324109412756277,9935049.00991821,0.286319069692584,4257839.07424927,0.122707046681174,29316748.6408081,0.661113545310106,0.338886454689893,20506334.0828552,0.94515672828594,0.0548432717140607,"9"
1500,20236428.0702515,0.583195438008512,269906.01260376,0.00777844561773122,13356212.2591248,0.384913880629237,836675.825042725,0.024112235744520,33592640.3293762,0.602406594772934,0.397593405227066,20506334.0828552,0.986837919858654,0.0131620801413462,"9"
2000,20502926.5832520,0.590875682589146,3407.49960327148,9.82010370973067e-05,14191691.7095947,0.408991637947497,1196.37457275391,3.44784262596789e-05,34694618.2928467,0.590954090060683,0.409045909939316,20506334.0828552,0.999833831849735,0.000166168150265356,"9"
25,4315162.99545288,0.124359069914654,16495842.3499146,0.47539516218873,922786.338256836,0.0265938623585006,12965430.4833984,0.373651905538115,5237949.33370972,0.823826791848083,0.176173208151917,20811005.3453674,0.207350049833774,0.792649950166226,"10"
50,6787437.84991455,0.195607780982629,14023567.4954529,0.404146451120756,1765169.12322998,0.0508705674938026,12123047.6984253,0.349375200402813,8552606.97314453,0.793610401042317,0.206389598957683,20811005.3453674,0.326146562228693,0.673853437771307,"10"
100,9475252.08432007,0.273068140798992,11335753.2610474,0.326686091304392,3150309.83065796,0.0907890619419111,10737906.9909973,0.309456705954705,12625561.9149780,0.750481614056269,0.249518385943731,20811005.3453674,0.455300064897118,0.544699935102882,"10"
200,12144420.7134399,0.34999115124205,8666584.63192749,0.249763080861334,4877993.41030884,0.140579330188697,9010223.41134644,0.259666437707919,17022414.1237488,0.71343703808126,0.286562961918740,20811005.3453674,0.583557618284083,0.416442381715917,"10"
300,13562381.5542908,0.390855492062878,7248623.79107666,0.208898740040507,5919527.07971191,0.170595382548306,7968689.74194336,0.229650385348309,19481908.6340027,0.696152610561971,0.303847389438029,20811005.3453674,0.651692762037072,0.348307237962928,"10"
400,14661856.4475403,0.422541357756271,6149148.89782715,0.177212874347113,6701923.83306885,0.193143344851061,7186292.98858643,0.207102423045555,21363780.2806091,0.686295040248478,0.313704959751522,20811005.3453674,0.704524178636283,0.295475821363717,"10"
500,15641850.5394592,0.45078389550544,5169154.8059082,0.148970336597944,7298771.42086792,0.210343949087265,6589445.40078735,0.189901818809351,22940621.9603271,0.68184073502932,0.31815926497068,20811005.3453674,0.751614363644433,0.248385636355567,"10"
750,17670680.6422424,0.509252932448619,3140324.703125,0.0905012996547654,8652987.87911987,0.249371234821035,5235228.9425354,0.150874533075581,26323668.5213623,0.671284879153612,0.328715120846388,20811005.3453674,0.849102691051682,0.150897308948318,"10"
1000,18953376.8939819,0.546219070927612,1857628.4513855,0.0535351611757725,10363371.7468262,0.298662941115587,3524845.0748291,0.101582826781029,29316748.6408081,0.646503373419771,0.353496626580229,20811005.3453674,0.910738168552774,0.0892618314472256,"10"
1500,20348489.6253662,0.586424950029713,462515.720001221,0.0133292820736709,13244150.70401,0.381684368608035,644066.117645264,0.0185613992885803,33592640.3293762,0.605742490791109,0.394257509208891,20811005.3453674,0.97777542639937,0.0222245736006299,"10"
2000,20807896.6998596,0.599664643769304,3108.6455078125,8.95883340799172e-05,13886721.5929871,0.400202676767339,1495.22866821289,4.30911292770683e-05,34694618.2928467,0.599744217510235,0.400255782489765,20811005.3453674,0.99985062492387,0.000149375076130308,"10"
25,4329797.86538696,0.124780833545655,16517630.3967285,0.476023073866666,908151.468322754,0.0261720987274994,12943642.4365845,0.373023993860179,5237949.33370972,0.82662079938838,0.173379200611619,20847428.2621155,0.207689783648528,0.792310216351472,"11"
50,6816186.97366333,0.196436304561930,14031241.2884521,0.404367602850392,1736419.9994812,0.0500420439145017,12115373.9054260,0.349154048673177,8552606.97314453,0.7969718467207,0.203028153279300,20847428.2621155,0.326955770657328,0.673044229342672,"11"
100,9521008.70358276,0.274386804918967,11326419.5585327,0.326417102493354,3104553.21139526,0.089470397821936,10747240.6935120,0.309725694765743,12625561.9149780,0.754105739427546,0.245894260572454,20847428.2621155,0.456699434763596,0.543300565236404,"11"
200,12195598.7030945,0.351466054322246,8651829.559021,0.249337853090075,4826815.4206543,0.139104427108501,9024978.48425293,0.260091665479178,17022414.1237488,0.716443544049362,0.283556455950638,20847428.2621155,0.584992956913379,0.415007043086621,"11"
300,13611444.3870239,0.392269438245792,7235983.87509155,0.208534469166529,5870464.24697876,0.169181436365392,7981329.65792847,0.230014656222286,19481908.6340027,0.698670989723627,0.301329010276373,20847428.2621155,0.652907601642118,0.347092398357882,"11"
400,14709519.1457520,0.423914953336664,6137909.11636353,0.176888954075658,6654261.13485718,0.191769749270669,7197532.77005005,0.20742634331701,21363780.2806091,0.688526045135517,0.311473954864483,20847428.2621155,0.705579554504691,0.294420445495309,"11"
500,15704115.0990601,0.452578303440613,5143313.16305542,0.148225603971708,7236506.86126709,0.208549541152092,6615287.04364014,0.190646551435586,22940621.9603271,0.684554896820945,0.315445103179055,20847428.2621155,0.753287882879924,0.246712117120076,"11"
750,17679776.8513489,0.509515076915796,3167651.4107666,0.091288830496525,8643891.67001343,0.249109090353857,5207902.2348938,0.150087002233821,26323668.5213623,0.671630431639925,0.328369568360075,20847428.2621155,0.848055531313522,0.151944468686478,"11"
1000,18978865.1374512,0.546953618905274,1868563.12466431,0.0538502885070474,10337883.5033569,0.297928393137925,3513910.40155029,0.101267699449754,29316748.6408081,0.647372782363496,0.352627217636504,20847428.2621155,0.910369610046343,0.0896303899536573,"11"
1500,20391932.6940613,0.587676939728098,455495.568054199,0.0131269676842235,13200707.6353149,0.380432378909651,651086.269592285,0.0187637136780277,33592640.3293762,0.607035722530833,0.392964277469167,20847428.2621155,0.978150994821652,0.0218490051783480,"11"
2000,20844319.6166077,0.600714319078241,3108.6455078125,8.95883340799172e-05,13850298.676239,0.399153001458402,1495.22866821289,4.30911292770683e-05,34694618.2928467,0.60079403210801,0.399205967891990,20847428.2621155,0.99985088589975,0.000149114100249076,"11"
25,4651082.98483276,0.134039978257871,17875596.3977356,0.515158418009846,586866.348876953,0.0169129540152833,11585676.4355774,0.333888649717000,5237949.33370972,0.887958758000946,0.112041241999054,22526679.3825684,0.206469977480652,0.793530022519348,"12"
50,7399669.86917114,0.213251750530697,15127009.5133972,0.43594664573702,1152937.10397339,0.0332265979457347,11019605.6804810,0.317575005786548,8552606.97314453,0.865194658471546,0.134805341528454,22526679.3825684,0.328484715545655,0.671515284454345,"12"
100,10439156.2704468,0.300846982108086,12087523.1121216,0.348351414159631,2186405.64453125,0.0630102206328174,9986137.1399231,0.287791383099465,12625561.9149780,0.82682706248999,0.173172937510010,22526679.3825684,0.463413008777709,0.536586991222291,"12"
200,13407953.5209045,0.386405016699398,9118725.86166382,0.262793379568319,3614460.60284424,0.104165464731349,8558082.1816101,0.246636139000934,17022414.1237488,0.787664629906898,0.212335370093102,22526679.3825684,0.59520328288065,0.40479671711935,"12"
300,15004501.9978638,0.432416090644351,7522177.38470459,0.216782305623366,4477406.63613892,0.129034783966833,7695136.14831543,0.22176681976545,19481908.6340027,0.770176181386854,0.229823818613146,22526679.3825684,0.666076954487779,0.333923045512221,"12"
400,16193908.0094604,0.466693689314187,6332771.37310791,0.18250470695353,5169872.27114868,0.148991013293145,7002670.51330566,0.201810590439138,21363780.2806091,0.758007608988512,0.241992391011488,22526679.3825684,0.718876836414321,0.281123163585679,"12"
500,17259856.6635437,0.497413359310027,5266822.71902466,0.151785036957691,5680765.29678345,0.163714485282679,6491777.4876709,0.187087118449604,22940621.9603271,0.752370911886888,0.247629088113112,22526679.3825684,0.766196223172589,0.233803776827411,"12"
750,19305772.4821777,0.556374791032794,3220906.90039062,0.0928236052349236,7017896.03918457,0.20224937623686,5154646.74526978,0.148552227495423,26323668.5213623,0.733399771635577,0.266600228364423,22526679.3825684,0.857018123013593,0.142981876986407,"12"
1000,20667564.3861694,0.595620394217695,1859114.99639893,0.0535780020500224,8649184.25463867,0.249261617825504,3523358.52981567,0.101539985906779,29316748.6408081,0.704974642290338,0.295025357709662,22526679.3825684,0.917470526178059,0.0825294738219407,"12"
1500,22073396.6250916,0.636135199770258,453282.757476807,0.0130631964974591,11519243.7042847,0.331974118867491,653299.080169678,0.0188274848647921,33592640.3293762,0.657090255742378,0.342909744257622,22526679.3825684,0.979877959384126,0.0201220406158738,"12"
2000,22523570.2389221,0.649108793577741,3109.14364624023,8.96026899760044e-05,12171048.0539246,0.350758526958902,1494.73052978516,4.30767733809812e-05,34694618.2928467,0.649194928412457,0.350805071587543,22526679.3825684,0.999861979495804,0.000138020504195845,"12"
25,4960817.66836548,0.142966249920153,16645991.2519226,0.47972231688071,277131.665344238,0.00798668235300149,12815281.5813904,0.369324750846136,5237949.33370972,0.947091571970597,0.0529084280294027,21606808.9202881,0.229595109887209,0.770404890112791,"MEAN"
50,7968270.1137085,0.229638292044522,13638538.8065796,0.393050274756341,584336.859436035,0.0168400564319097,12508076.3872986,0.360471376767228,8552606.97314453,0.931677339871822,0.0683226601281775,21606808.9202881,0.368785142827202,0.631214857172798,"MEAN"
100,11411733.5300598,0.328875773500919,10195075.3902283,0.293812793299944,1213828.38491821,0.0349814292399847,11878584.8618164,0.342330003959153,12625561.9149780,0.903859456466788,0.0961405435332123,21606808.9202881,0.528154507783173,0.471845492216828,"MEAN"
200,14803993.7334290,0.426637624963775,6802815.18685913,0.196050941837087,2218420.39031982,0.0639328564669717,10873992.8564148,0.313378576732166,17022414.1237488,0.8696765115575,0.1303234884425,21606808.9202881,0.685154100637623,0.314845899362377,"MEAN"
300,16574023.4636230,0.477648270726212,5032785.45666504,0.145040296074650,2907885.17037964,0.0838026038849719,10184528.0763550,0.293508829314166,19481908.6340027,0.850739205023045,0.149260794976955,21606808.9202881,0.767074098020119,0.232925901979881,"MEAN"
400,17731307.2115784,0.511000134995238,3875501.70870972,0.111688431805624,3632473.06903076,0.104684567612094,9459940.17770386,0.272626865587043,21363780.2806091,0.829970491115386,0.170029508884614,21606808.9202881,0.820635165377394,0.179364834622606,"MEAN"
500,18527418.3995667,0.533943334821339,3079390.52072144,0.088745231979523,4413203.5607605,0.127184509771366,8679209.68597412,0.250126923427772,22940621.9603271,0.80762493848717,0.192375061512829,21606808.9202881,0.857480550132047,0.142519449867953,"MEAN"
750,19922563.0326538,0.574150133301482,1684245.88763428,0.0485384334993810,6401105.4887085,0.184474033968172,6691307.75802612,0.192837399230965,26323668.5213623,0.756830797215295,0.243169202784705,21606808.9202881,0.922050225285566,0.0779497747144339,"MEAN"
1000,20854918.9491272,0.601019782194057,751889.971160889,0.021668784606805,8461829.6916809,0.243862229849141,4630583.55505371,0.133449203349996,29316748.6408081,0.711365342884501,0.288634657115499,21606808.9202881,0.965201248646445,0.0347987513535554,"MEAN"
1500,21486575.6736145,0.61922355406672,120233.246673584,0.00346501273414281,12106064.6557617,0.348885764571029,986348.5909729,0.0284256686281084,33592640.3293762,0.639621520158534,0.360378479841466,21606808.9202881,0.994435400103868,0.00556459989613223,"MEAN"
2000,21603699.7766418,0.622598964110886,3109.14364624023,8.96026899760044e-05,13090918.5162048,0.377268356425757,1494.73052978516,4.30767733809812e-05,34694618.2928467,0.622681581168918,0.377318418831082,21606808.9202881,0.999856103524694,0.000143896475306025,"MEAN"
25,5124256.13275146,0.147676397703849,21257026.911499,0.612608167675331,113693.200958252,0.00327653456930522,8204245.92181396,0.236438900051514,5237949.33370972,0.978294329762497,0.0217056702375031,26381283.0442505,0.194238321318805,0.805761678681195,"MODE"
50,8296257.94528198,0.239090602819522,18085025.0989685,0.521193962559659,256349.027862549,0.00738774565690918,8061590.09490967,0.23232768896391,8552606.97314453,0.97002679666358,0.0299732033364205,26381283.0442505,0.314475150104197,0.685524849895803,"MODE"
100,12045498.9016418,0.347140314663583,14335784.1426086,0.413144250715597,580063.013336182,0.0167168880773201,7737876.10943604,0.222998546543499,12625561.9149780,0.954056459645726,0.0459435403542743,26381283.0442505,0.456592610808102,0.543407389191898,"MODE"
200,15934000.6887512,0.459203396896156,10447282.3554993,0.301081168483025,1088413.43499756,0.0313670845345911,7229525.68777466,0.208348350086228,17022414.1237488,0.936059983790486,0.063940016209514,26381283.0442505,0.60398884550173,0.39601115449827,"MODE"
300,18053616.6621094,0.520288799996995,8327666.38214111,0.239995765382186,1428291.97189331,0.041162074614189,6889647.15087891,0.198553360006630,19481908.6340027,0.92668624010481,0.0733137598951904,26381283.0442505,0.684334292302131,0.315665707697869,"MODE"
400,19576343.7043457,0.564172407384699,6804939.33990479,0.196112157994482,1787436.57626343,0.0515122952226337,6530502.54650879,0.188203139398186,21363780.2806091,0.916333319628559,0.0836666803714414,26381283.0442505,0.7420542689872,0.257945731012800,"MODE"
500,20733604.9382935,0.597523622820519,5647678.10595703,0.162760942558662,2207017.02203369,0.0636042217721868,6110922.10073853,0.176111212848633,22940621.9603271,0.903794368528872,0.0962056314711276,26381283.0442505,0.785921022245812,0.214078977754188,"MODE"
750,22746295.4627991,0.655527531807805,3634987.58145142,0.104757033571376,3577373.05856323,0.103096635461848,4740566.06420898,0.136618799158971,26323668.5213623,0.864100512599142,0.135899487400858,26381283.0442505,0.862213389115522,0.137786610884478,"MODE"
1000,24262197.9824829,0.699214462667152,2119085.06176758,0.0610701027120287,5054550.6583252,0.145667549376047,3263388.46444702,0.0940478852447726,29316748.6408081,0.827588293631941,0.172411706368059,26381283.0442505,0.91967467775494,0.0803253222450608,"MODE"
1500,25818678.4008789,0.744070811633822,562604.643371582,0.0162137537453582,7773961.92849731,0.224038507003926,543977.194274902,0.0156769276168930,33592640.3293762,0.768581396035753,0.231418603964247,26381283.0442505,0.978674098510376,0.0213259014896243,"MODE"
2000,26377875.5446472,0.760186364342083,3407.49960327148,9.82010370973067e-05,8316742.74819946,0.239680956194560,1196.37457275391,3.44784262596789e-05,34694618.2928467,0.76028723884493,0.239712761155070,26381283.0442505,0.99987083647154,0.000129163528459019,"MODE"
25,5118573.64450073,0.147512633564602,16505554.5803223,0.475675059829115,119375.689208984,0.00344029870855250,12955718.2529907,0.373372007897731,5237949.33370972,0.977209460877996,0.0227905391220037,21624128.224823,0.236706589569006,0.763293410430994,"MAX"
50,8271665.0276184,0.238381857316663,13352463.1972046,0.384805836077053,280941.945526123,0.00809649115976794,12794151.9966736,0.368715815446515,8552606.97314453,0.9671513087871,0.0328486912129003,21624128.224823,0.382520161812725,0.617479838187275,"MAX"
100,11969560.4391785,0.344951837293749,9654567.78564453,0.278235856099967,656001.47579956,0.0189053654471543,12419092.4664001,0.357906941159129,12625561.9149780,0.948041799627046,0.0519582003729536,21624128.224823,0.553527999590672,0.446472000409328,"MAX"
200,15583304.4242249,0.449096649752421,6040823.80059814,0.174091043641295,1439109.69952393,0.0414738316783256,11635984.2426758,0.335338474927958,17022414.1237488,0.915457955078407,0.0845420449215928,21624128.224823,0.720644285041572,0.279355714958428,"MAX"
300,17163216.1685791,0.494628268206271,4460912.05624390,0.128559425187445,2318692.46542358,0.0668226064049128,10756401.4767761,0.309989700201371,19481908.6340027,0.880982273914545,0.119017726085455,21624128.224823,0.793706733059274,0.206293266940726,"MAX"
400,18153376.7010803,0.523163793519638,3470751.52374268,0.100023899874078,3210403.57952881,0.0925209090876941,9864690.3626709,0.284291397518589,21363780.2806091,0.849726802215676,0.150273197784324,21624128.224823,0.83949634927902,0.16050365072098,"MAX"
500,18871353.1427002,0.543855221072796,2752775.0821228,0.0793324723209206,4069268.81762695,0.117272623519910,9005825.12457275,0.259539683086374,22940621.9603271,0.822617328132418,0.177382671867582,21624128.224823,0.872698910517798,0.127301089482202,"MAX"
750,20128802.9860229,0.580093781040224,1495325.23880005,0.0430939123534927,6194865.53533936,0.17853038622943,6880228.40686035,0.198281920376854,26323668.5213623,0.764665569682582,0.235334430317418,21624128.224823,0.930849224382441,0.0691507756175585,"MAX"
1000,21075506.0530090,0.607376901751956,548622.171813965,0.0158107916417608,8241242.58779907,0.237505110291243,4833851.35440063,0.139307196315040,29316748.6408081,0.718889611915303,0.281110388084697,21624128.224823,0.974629165804512,0.0253708341954884,"MAX"
1500,21615424.8150635,0.622936869046196,8703.40975952148,0.000250824347520764,11977215.5143127,0.345172449591553,1097878.42788696,0.0316398570147304,33592640.3293762,0.64345715618433,0.356542843815669,21624128.224823,0.99959751395899,0.000402486041010919,"MAX"
2000,21622513.8395996,0.623141168280974,1614.38522338867,4.65251127422373e-05,13072104.4532471,0.376726152255669,2989.48895263672,8.61543506147483e-05,34694618.2928467,0.62322385728791,0.376776142712089,21624128.224823,0.999925343338395,7.4656661605228e-05,"MAX"
25,4653277.51541138,0.134103222631709,19799842.4546814,0.570613437943248,584671.81829834,0.0168497096414454,9661430.3786316,0.278433629783597,5237949.33370972,0.8883777255088,0.111622274491199,24453119.9700928,0.190293816130724,0.809706183869276,"MIN"
50,7470975.93582153,0.215306726469557,16982144.0342712,0.489409934105401,1081631.03732300,0.0311716220068747,9164471.15960693,0.264111717418168,8552606.97314453,0.873532007174028,0.126467992825972,24453119.9700928,0.305522401434208,0.694477598565792,"MIN"
100,10840475.7637634,0.312412644628846,13612644.2063293,0.392304015946112,1785086.1512146,0.0514445581120577,8461016.04571533,0.243838781312985,12625561.9149780,0.858613330382,0.141386669618000,24453119.9700928,0.443316671942959,0.556683328057041,"MIN"
200,14383145.6631775,0.414509166630452,10069974.3069153,0.290207493944505,2639268.46057129,0.076061314800295,7606833.73635864,0.219222024624748,17022414.1237488,0.844953339674123,0.155046660325877,24453119.9700928,0.588192659291277,0.411807340708723,"MIN"
300,16140053.4802551,0.465141650800295,8313066.48983765,0.239575009774662,3341855.15374756,0.0963092238108892,6904247.04318237,0.198974115614153,19481908.6340027,0.828463667676027,0.171536332323973,24453119.9700928,0.660040661477763,0.339959338522237,"MIN"
400,17353045.1337585,0.500098966202489,7100074.83633423,0.204617694372468,4010735.14685059,0.115585736404843,6235367.05007935,0.179697603020199,21363780.2806091,0.812264725897273,0.187735274102727,24453119.9700928,0.70964544217597,0.290354557824029,"MIN"
500,18427261.8096008,0.53105691305996,6025858.16049194,0.173659747514997,4513360.15072632,0.130070931532745,5732742.04620361,0.165212407892298,22940621.9603271,0.803259032883607,0.196740967116393,24453119.9700928,0.753575078850395,0.246424921149605,"MIN"
750,20662536.3879089,0.595475491884256,3790583.58218384,0.109241168690701,5661132.13345337,0.163148675385397,4584970.06347656,0.132134664039645,26323668.5213623,0.784941368302856,0.215058631697144,24453119.9700928,0.844985687437027,0.155014312562973,"MIN"
1000,22341687.5227966,0.643867099246669,2111432.44729614,0.0608495613282881,6975061.11801147,0.201014912796530,3271041.07891846,0.0942684266285131,29316748.6408081,0.762079308197827,0.237920691802173,24453119.9700928,0.913653862988505,0.0863461370114945,"MIN"
1500,24055318.6257935,0.693252387906696,397801.344299316,0.0114642726682611,9537321.70358276,0.274856930731053,708780.493347168,0.0204264086939901,33592640.3293762,0.716088952518492,0.283911047481508,24453119.9700928,0.983732082254295,0.0162679177457046,"MIN"
2000,24450908.8729553,0.704652938767972,2211.09713745117,6.3721806984842e-05,10243709.4198914,0.295214381768671,2392.77703857422,6.89576563721436e-05,34694618.2928467,0.704746444147985,0.295253555852015,24453119.9700928,0.999909578117633,9.04218823673805e-05,"MIN"
